<?xml version="1.0"?>
<hark_xml version="1.3">
    <config>
        <comment>Generated by HARKTOOL5-GUI</comment>
        <SynchronousAverage>19</SynchronousAverage>
        <TSPpath>/usr/local/share/hark/16384.little_endian.wav</TSPpath>
        <TSPOffset>16384</TSPOffset>
        <PeakSearch from="0" to="0"/>
        <nfft>512</nfft>
        <samplingRate>16000</samplingRate>
        <signalMax>32768</signalMax>
        <TSPLength>16384</TSPLength>
    </config>
    <positions type="tsp" coordinate="cartesian">
        <position x="1.0000" y="0.0000" z="0.0000" id="0" path="/home/nesl/Downloads/5DegTSPResp/000deg.wav"/>
        <position x="0.9962" y="0.0872" z="0.0000" id="1" path="/home/nesl/Downloads/5DegTSPResp/005deg.wav"/>
        <position x="0.9848" y="0.1736" z="0.0000" id="2" path="/home/nesl/Downloads/5DegTSPResp/010deg.wav"/>
        <position x="0.9659" y="0.2588" z="0.0000" id="3" path="/home/nesl/Downloads/5DegTSPResp/015deg.wav"/>
        <position x="0.9397" y="0.3420" z="0.0000" id="4" path="/home/nesl/Downloads/5DegTSPResp/020deg.wav"/>
        <position x="0.9063" y="0.4226" z="0.0000" id="5" path="/home/nesl/Downloads/5DegTSPResp/025deg.wav"/>
        <position x="0.8660" y="0.5000" z="0.0000" id="6" path="/home/nesl/Downloads/5DegTSPResp/030deg.wav"/>
        <position x="0.8192" y="0.5736" z="0.0000" id="7" path="/home/nesl/Downloads/5DegTSPResp/035deg.wav"/>
        <position x="0.7660" y="0.6428" z="0.0000" id="8" path="/home/nesl/Downloads/5DegTSPResp/040deg.wav"/>
        <position x="0.7071" y="0.7071" z="0.0000" id="9" path="/home/nesl/Downloads/5DegTSPResp/045deg.wav"/>
        <position x="0.6428" y="0.7660" z="0.0000" id="10" path="/home/nesl/Downloads/5DegTSPResp/050deg.wav"/>
        <position x="0.5736" y="0.8192" z="0.0000" id="11" path="/home/nesl/Downloads/5DegTSPResp/055deg.wav"/>
        <position x="0.5000" y="0.8660" z="0.0000" id="12" path="/home/nesl/Downloads/5DegTSPResp/060deg.wav"/>
        <position x="0.4226" y="0.9063" z="0.0000" id="13" path="/home/nesl/Downloads/5DegTSPResp/065deg.wav"/>
        <position x="0.3420" y="0.9397" z="0.0000" id="14" path="/home/nesl/Downloads/5DegTSPResp/070deg.wav"/>
        <position x="0.2588" y="0.9659" z="0.0000" id="15" path="/home/nesl/Downloads/5DegTSPResp/075deg.wav"/>
        <position x="0.1736" y="0.9848" z="0.0000" id="16" path="/home/nesl/Downloads/5DegTSPResp/080deg.wav"/>
        <position x="0.0872" y="0.9962" z="0.0000" id="17" path="/home/nesl/Downloads/5DegTSPResp/085deg.wav"/>
        <position x="0.0000" y="1.0000" z="0.0000" id="18" path="/home/nesl/Downloads/5DegTSPResp/090deg.wav"/>
        <position x="-0.0872" y="0.9962" z="0.0000" id="19" path="/home/nesl/Downloads/5DegTSPResp/095deg.wav"/>
        <position x="-0.1736" y="0.9848" z="0.0000" id="20" path="/home/nesl/Downloads/5DegTSPResp/100deg.wav"/>
        <position x="-0.2588" y="0.9659" z="0.0000" id="21" path="/home/nesl/Downloads/5DegTSPResp/105deg.wav"/>
        <position x="-0.3420" y="0.9397" z="0.0000" id="22" path="/home/nesl/Downloads/5DegTSPResp/110deg.wav"/>
        <position x="-0.4226" y="0.9063" z="0.0000" id="23" path="/home/nesl/Downloads/5DegTSPResp/115deg.wav"/>
        <position x="-0.5000" y="0.8660" z="0.0000" id="24" path="/home/nesl/Downloads/5DegTSPResp/120deg.wav"/>
        <position x="-0.5736" y="0.8192" z="0.0000" id="25" path="/home/nesl/Downloads/5DegTSPResp/125deg.wav"/>
        <position x="-0.6428" y="0.7660" z="0.0000" id="26" path="/home/nesl/Downloads/5DegTSPResp/130deg.wav"/>
        <position x="-0.7071" y="0.7071" z="0.0000" id="27" path="/home/nesl/Downloads/5DegTSPResp/135deg.wav"/>
        <position x="-0.7660" y="0.6428" z="0.0000" id="28" path="/home/nesl/Downloads/5DegTSPResp/140deg.wav"/>
        <position x="-0.8192" y="0.5736" z="0.0000" id="29" path="/home/nesl/Downloads/5DegTSPResp/145deg.wav"/>
        <position x="-0.8660" y="0.5000" z="0.0000" id="30" path="/home/nesl/Downloads/5DegTSPResp/150deg.wav"/>
        <position x="-0.9063" y="0.4226" z="0.0000" id="31" path="/home/nesl/Downloads/5DegTSPResp/155deg.wav"/>
        <position x="-0.9397" y="0.3420" z="0.0000" id="32" path="/home/nesl/Downloads/5DegTSPResp/160deg.wav"/>
        <position x="-0.9659" y="0.2588" z="0.0000" id="33" path="/home/nesl/Downloads/5DegTSPResp/165deg.wav"/>
        <position x="-0.9848" y="0.1736" z="0.0000" id="34" path="/home/nesl/Downloads/5DegTSPResp/170deg.wav"/>
        <position x="-0.9962" y="0.0872" z="0.0000" id="35" path="/home/nesl/Downloads/5DegTSPResp/175deg.wav"/>
        <position x="-1.0000" y="0.0000" z="0.0000" id="36" path="/home/nesl/Downloads/5DegTSPResp/180deg.wav"/>
        <position x="-0.9962" y="-0.0872" z="0.0000" id="37" path="/home/nesl/Downloads/5DegTSPResp/185deg.wav"/>
        <position x="-0.9848" y="-0.1736" z="0.0000" id="38" path="/home/nesl/Downloads/5DegTSPResp/190deg.wav"/>
        <position x="-0.9659" y="-0.2588" z="0.0000" id="39" path="/home/nesl/Downloads/5DegTSPResp/195deg.wav"/>
        <position x="-0.9397" y="-0.3420" z="0.0000" id="40" path="/home/nesl/Downloads/5DegTSPResp/200deg.wav"/>
        <position x="-0.9063" y="-0.4226" z="0.0000" id="41" path="/home/nesl/Downloads/5DegTSPResp/205deg.wav"/>
        <position x="-0.8660" y="-0.5000" z="0.0000" id="42" path="/home/nesl/Downloads/5DegTSPResp/210deg.wav"/>
        <position x="-0.8192" y="-0.5736" z="0.0000" id="43" path="/home/nesl/Downloads/5DegTSPResp/215deg.wav"/>
        <position x="-0.7660" y="-0.6428" z="0.0000" id="44" path="/home/nesl/Downloads/5DegTSPResp/220deg.wav"/>
        <position x="-0.7071" y="-0.7071" z="0.0000" id="45" path="/home/nesl/Downloads/5DegTSPResp/225deg.wav"/>
        <position x="-0.6428" y="-0.7660" z="0.0000" id="46" path="/home/nesl/Downloads/5DegTSPResp/230deg.wav"/>
        <position x="-0.5736" y="-0.8192" z="0.0000" id="47" path="/home/nesl/Downloads/5DegTSPResp/235deg.wav"/>
        <position x="-0.5000" y="-0.8660" z="0.0000" id="48" path="/home/nesl/Downloads/5DegTSPResp/240deg.wav"/>
        <position x="-0.4226" y="-0.9063" z="0.0000" id="49" path="/home/nesl/Downloads/5DegTSPResp/245deg.wav"/>
        <position x="-0.3420" y="-0.9397" z="0.0000" id="50" path="/home/nesl/Downloads/5DegTSPResp/250deg.wav"/>
        <position x="-0.2588" y="-0.9659" z="0.0000" id="51" path="/home/nesl/Downloads/5DegTSPResp/255deg.wav"/>
        <position x="-0.1736" y="-0.9848" z="0.0000" id="52" path="/home/nesl/Downloads/5DegTSPResp/260deg.wav"/>
        <position x="-0.0872" y="-0.9962" z="0.0000" id="53" path="/home/nesl/Downloads/5DegTSPResp/265deg.wav"/>
        <position x="0.0000" y="-1.0000" z="0.0000" id="54" path="/home/nesl/Downloads/5DegTSPResp/270deg.wav"/>
        <position x="0.0872" y="-0.9962" z="0.0000" id="55" path="/home/nesl/Downloads/5DegTSPResp/275deg.wav"/>
        <position x="0.1736" y="-0.9848" z="0.0000" id="56" path="/home/nesl/Downloads/5DegTSPResp/280deg.wav"/>
        <position x="0.2588" y="-0.9659" z="0.0000" id="57" path="/home/nesl/Downloads/5DegTSPResp/285deg.wav"/>
        <position x="0.3420" y="-0.9397" z="0.0000" id="58" path="/home/nesl/Downloads/5DegTSPResp/290deg.wav"/>
        <position x="0.4226" y="-0.9063" z="0.0000" id="59" path="/home/nesl/Downloads/5DegTSPResp/295deg.wav"/>
        <position x="0.5000" y="-0.8660" z="0.0000" id="60" path="/home/nesl/Downloads/5DegTSPResp/300deg.wav"/>
        <position x="0.5736" y="-0.8192" z="0.0000" id="61" path="/home/nesl/Downloads/5DegTSPResp/305deg.wav"/>
        <position x="0.6428" y="-0.7660" z="0.0000" id="62" path="/home/nesl/Downloads/5DegTSPResp/310deg.wav"/>
        <position x="0.7071" y="-0.7071" z="0.0000" id="63" path="/home/nesl/Downloads/5DegTSPResp/315deg.wav"/>
        <position x="0.7660" y="-0.6428" z="0.0000" id="64" path="/home/nesl/Downloads/5DegTSPResp/320deg.wav"/>
        <position x="0.8192" y="-0.5736" z="0.0000" id="65" path="/home/nesl/Downloads/5DegTSPResp/325deg.wav"/>
        <position x="0.8660" y="-0.5000" z="0.0000" id="66" path="/home/nesl/Downloads/5DegTSPResp/330deg.wav"/>
        <position x="0.9063" y="-0.4226" z="0.0000" id="67" path="/home/nesl/Downloads/5DegTSPResp/335deg.wav"/>
        <position x="0.9397" y="-0.3420" z="0.0000" id="68" path="/home/nesl/Downloads/5DegTSPResp/340deg.wav"/>
        <position x="0.9659" y="-0.2588" z="0.0000" id="69" path="/home/nesl/Downloads/5DegTSPResp/345deg.wav"/>
        <position x="0.9848" y="-0.1736" z="0.0000" id="70" path="/home/nesl/Downloads/5DegTSPResp/350deg.wav"/>
        <position x="0.9962" y="-0.0872" z="0.0000" id="71" path="/home/nesl/Downloads/5DegTSPResp/355deg.wav"/>
    </positions>
    <neighbors algorithm="NearestNeighbor">
        <neighbor id="0" ids="0;1;71;"/>
        <neighbor id="1" ids="1;2;0;"/>
        <neighbor id="2" ids="2;1;3;"/>
        <neighbor id="3" ids="3;4;2;"/>
        <neighbor id="4" ids="4;3;5;"/>
        <neighbor id="5" ids="5;4;6;"/>
        <neighbor id="6" ids="6;7;5;"/>
        <neighbor id="7" ids="7;6;8;"/>
        <neighbor id="8" ids="8;9;7;"/>
        <neighbor id="9" ids="9;8;10;"/>
        <neighbor id="10" ids="10;9;11;"/>
        <neighbor id="11" ids="11;12;10;"/>
        <neighbor id="12" ids="12;11;13;"/>
        <neighbor id="13" ids="13;14;12;"/>
        <neighbor id="14" ids="14;15;13;"/>
        <neighbor id="15" ids="15;14;16;"/>
        <neighbor id="16" ids="16;17;15;"/>
        <neighbor id="17" ids="17;16;18;"/>
        <neighbor id="18" ids="18;17;19;"/>
        <neighbor id="19" ids="19;20;18;"/>
        <neighbor id="20" ids="20;19;21;"/>
        <neighbor id="21" ids="21;22;20;"/>
        <neighbor id="22" ids="22;21;23;"/>
        <neighbor id="23" ids="23;22;24;"/>
        <neighbor id="24" ids="24;25;23;"/>
        <neighbor id="25" ids="25;24;26;"/>
        <neighbor id="26" ids="26;27;25;"/>
        <neighbor id="27" ids="27;26;28;"/>
        <neighbor id="28" ids="28;27;29;"/>
        <neighbor id="29" ids="29;30;28;"/>
        <neighbor id="30" ids="30;29;31;"/>
        <neighbor id="31" ids="31;32;30;"/>
        <neighbor id="32" ids="32;33;31;"/>
        <neighbor id="33" ids="33;32;34;"/>
        <neighbor id="34" ids="34;35;33;"/>
        <neighbor id="35" ids="35;34;36;"/>
        <neighbor id="36" ids="36;35;37;"/>
        <neighbor id="37" ids="37;38;36;"/>
        <neighbor id="38" ids="38;37;39;"/>
        <neighbor id="39" ids="39;40;38;"/>
        <neighbor id="40" ids="40;39;41;"/>
        <neighbor id="41" ids="41;40;42;"/>
        <neighbor id="42" ids="42;43;41;"/>
        <neighbor id="43" ids="43;42;44;"/>
        <neighbor id="44" ids="44;45;43;"/>
        <neighbor id="45" ids="45;44;46;"/>
        <neighbor id="46" ids="46;45;47;"/>
        <neighbor id="47" ids="47;48;46;"/>
        <neighbor id="48" ids="48;47;49;"/>
        <neighbor id="49" ids="49;50;48;"/>
        <neighbor id="50" ids="50;51;49;"/>
        <neighbor id="51" ids="51;50;52;"/>
        <neighbor id="52" ids="52;53;51;"/>
        <neighbor id="53" ids="53;52;54;"/>
        <neighbor id="54" ids="54;53;55;"/>
        <neighbor id="55" ids="55;56;54;"/>
        <neighbor id="56" ids="56;55;57;"/>
        <neighbor id="57" ids="57;58;56;"/>
        <neighbor id="58" ids="58;57;59;"/>
        <neighbor id="59" ids="59;58;60;"/>
        <neighbor id="60" ids="60;61;59;"/>
        <neighbor id="61" ids="61;60;62;"/>
        <neighbor id="62" ids="62;63;61;"/>
        <neighbor id="63" ids="63;62;64;"/>
        <neighbor id="64" ids="64;63;65;"/>
        <neighbor id="65" ids="65;66;64;"/>
        <neighbor id="66" ids="66;65;67;"/>
        <neighbor id="67" ids="67;68;66;"/>
        <neighbor id="68" ids="68;69;67;"/>
        <neighbor id="69" ids="69;68;70;"/>
        <neighbor id="70" ids="70;71;69;"/>
        <neighbor id="71" ids="71;70;0;"/>
    </neighbors>
</hark_xml>
